{
  "g0_action_time_only_top5_capture": 0.6356636403225041,
  "g0_action_time_only_top5_ndcg": 0.6097108989398071,
  "g0_action_time_only_event_spearman": 0.735456811224676,
  "g1_local_dynamic_no_graph_top5_capture": 0.6540183595990723,
  "g1_local_dynamic_no_graph_top5_ndcg": 0.620158877332726,
  "g1_local_dynamic_no_graph_event_spearman": 0.7285469851340635,
  "g2_graph_only_observed_top5_capture": 0.9824690330481854,
  "g2_graph_only_observed_top5_ndcg": 0.9709539559172081,
  "g2_graph_only_observed_event_spearman": 0.9653962424699997,
  "g3_graph_only_shuffled_top5_capture": 0.6425886726968231,
  "g3_graph_only_shuffled_top5_ndcg": 0.6395363276174486,
  "g3_graph_only_shuffled_event_spearman": 0.6743264791743253,
  "g4_local_plus_observed_exposure_top5_capture": 0.9627486075704683,
  "g4_local_plus_observed_exposure_top5_ndcg": 0.9528693985827597,
  "g4_local_plus_observed_exposure_event_spearman": 0.9397171038228511,
  "g5_local_plus_shuffled_exposure_top5_capture": 0.6399248318485657,
  "g5_local_plus_shuffled_exposure_top5_ndcg": 0.6196332017077113,
  "g5_local_plus_shuffled_exposure_event_spearman": 0.6589604855610338,
  "g6_local_plus_observed_od_graph_top5_capture": 0.9624269435834123,
  "g6_local_plus_observed_od_graph_top5_ndcg": 0.9515042798705461,
  "g6_local_plus_observed_od_graph_event_spearman": 0.9392296729555145,
  "g7_local_plus_shuffled_od_graph_top5_capture": 0.6371522835431577,
  "g7_local_plus_shuffled_od_graph_top5_ndcg": 0.6330027180880475,
  "g7_local_plus_shuffled_od_graph_event_spearman": 0.6684464740666541,
  "g8_factorized_observed_od_top5_capture": 0.9374546558174094,
  "g8_factorized_observed_od_top5_ndcg": 0.9371917168160858,
  "g8_factorized_observed_od_event_spearman": 0.8832193923450703,
  "g9_factorized_shuffled_od_top5_capture": 0.7016563037882096,
  "g9_factorized_shuffled_od_top5_ndcg": 0.674072394790277,
  "g9_factorized_shuffled_od_event_spearman": 0.5909393659562043,
  "graph_only_alignment_delta_top5_capture": 0.3398803603513624,
  "graph_only_alignment_delta_top5_ndcg": 0.3314176282997595,
  "exposure_alignment_delta_top5_capture": 0.3228237757219026,
  "exposure_alignment_delta_top5_ndcg": 0.33323619687504835,
  "full_od_graph_alignment_delta_top5_capture": 0.3252746600402546,
  "full_od_graph_alignment_delta_top5_ndcg": 0.31850156178249855,
  "factorized_od_alignment_delta_top5_capture": 0.23579835202919974,
  "factorized_od_alignment_delta_top5_ndcg": 0.2631193220258088,
  "observed_graph_over_no_graph_delta_top5_capture": 0.30840858398434,
  "observed_graph_over_no_graph_delta_top5_ndcg": 0.3313454025378201,
  "factorized_observed_over_no_graph_delta_top5_capture": 0.2834362962183371,
  "factorized_observed_over_no_graph_delta_top5_ndcg": 0.3170328394833598
}