city,n_events,mean_base_selected_unit_footprint_mass,mean_hybrid_selected_unit_footprint_mass,mean_delta_selected_unit_footprint_mass,mean_base_selected_cost_weighted_footprint_score,mean_hybrid_selected_cost_weighted_footprint_score,mean_delta_selected_cost_weighted_footprint_score,mean_selected_action_jaccard,mean_selected_unit_jaccard,mean_delta_recoverable_fraction,mean_v34_delta_finite_top5pct_units_footprint_mass
Austin,1,0.3018180320922181,0.3179554806597729,0.0161374485675547,0.0039697853689722,0.0048107279047145,0.0008409425357423,0.8817635270541082,0.8958333333333334,0.0128916917083273,0.2985207014688926
San Antonio,1,0.1587971730924693,0.1726354439977958,0.0138382709053264,0.0040158786205578,0.0048517256952036,0.0008358470746457,0.9396325459317584,0.9318181818181818,0.0045411890690696,0.1819080686533278
Philadelphia,1,0.0495117267625267,0.0591330773872998,0.009621350624773,0.0006522999540901,0.0007995773257518,0.0001472773716617,0.8266871165644172,0.8552631578947368,-0.0128320917702031,0.4902347870135203
Houston,1,0.0904242700751531,0.092386433063307,0.0019621629881539,0.0021299826224144,0.0021642867187918,3.4304096377359844e-05,0.9022869022869024,0.95,0.0055488712658621,0.1599274858247343
Dallas,1,0.0484316897234605,0.0484316897234605,0.0,0.0012471451115178,0.0012471451115178,2.1684043449710093e-19,0.9953051643192488,1.0,0.0022816122775597,0.3696004116773997
Chicago,1,0.1923684572417023,0.1916646795914925,-0.0007037776502097,0.0022563473548768,0.0023363009515673,7.995359669043644e-05,0.9909747292418772,0.98989898989899,-0.0051723531250305,0.2584673444961067
