{
  "n_action_tokens": 170137,
  "n_events": 105,
  "single_action_small_signal_spearman": 0.8539826594,
  "single_action_small_signal_median_lp_to_label_ratio": 0.9999999999,
  "single_action_finite_area_spearman": 0.1146238745,
  "leave_city_mean_spearman": 0.8865649636142857,
  "leave_city_mean_top5_capture": 0.7640017393285714,
  "leave_regime_mean_spearman": 0.7863451717666666,
  "law_top5_value_capture": 1.0,
  "exposure_top5_value_capture": 0.8671035897,
  "deficit_top5_value_capture": 0.8452056575,
  "structure_top5_value_capture": 0.5032388367,
  "base_lp_recoverable_fraction": 0.1347349574,
  "base_static_fraction_of_lp_gain": 0.8228030683,
  "finite_gap_mean_static_fraction_of_lp_gain": 0.8228030683247619,
  "finite_gap_mean_action_cost_jaccard": 0.612675579747619,
  "finite_gap_mean_lp_to_greedy_action_count_ratio": 1.6738465494857142,
  "base_residual_fraction_of_lp_gain": 0.9736342408161905,
  "base_residual_median_fraction_of_lp_gain": 0.992121829,
  "base_residual_improvement": 0.15083113789697272,
  "base_residual_positive_share": 0.9142857142857143,
  "stress_base_residual_fraction": 0.9660102597,
  "stress_low_residual_fraction": 0.571081886,
  "stress_delay4_residual_fraction": 0.7734043806,
  "stress_scarce_residual_fraction": 0.5222431058,
  "scenario_optimum_jobs": 28,
  "scenario_optimum_success_jobs": 23,
  "scenario_optimum_timeout_jobs": 5,
  "scenario_static_fraction_of_lp_gain": 0.7228499438130435,
  "scenario_residual_fraction_of_lp_gain": 0.9411111392826086,
  "scenario_residual_improvement": 0.2182611954695652,
  "scenario_residual_tie_or_win_share": 1.0,
  "perturbed_solve_rows": 12,
  "perturbed_success_rows": 12,
  "perturbed_base_frequency_mass": 0.7953977322000001,
  "perturbed_static_frequency_mass": 0.465881559575,
  "perturbed_residual_frequency_mass": 0.60970815775,
  "perturbed_static_stable50_recall": 0.50732821185,
  "perturbed_residual_stable50_recall": 0.667647176225,
  "event_mean_top5_value_share": 0.16454800846571432,
  "event_mean_marginal_value_gini": 0.4493644743361904,
  "event_loss_recoverable_spearman": -0.6152498444951275,
  "event_top_tail_decision_spearman": 0.7650261684786043
}