{
  "n_lambdas": 18,
  "n_events": 6,
  "lambda0_fraction": 0.9668932271893108,
  "lambda0_top5_footprint_mass": 0.04799819538435459,
  "lambda0_cost_weighted_footprint": 0.00273255684911659,
  "max_gain_lambda": 0.02,
  "max_gain_fraction": 0.9685076606779717,
  "max_gain_top5_footprint_mass": 0.04937406478395662,
  "max_footprint_lambda": 12.0,
  "max_footprint_fraction": 0.8926888954365985,
  "max_footprint_top5_mass": 0.11995853846469241,
  "pareto_frontier_points": 17,
  "best_lambda_loss_le_0p001": 0.15,
  "best_fraction_loss_le_0p001": 0.9659556779683663,
  "best_delta_fraction_loss_le_0p001": -0.0009375492209444669,
  "best_top5_footprint_loss_le_0p001": 0.054427766908412896,
  "best_delta_top5_footprint_loss_le_0p001": 0.006429571524058306,
  "best_gain_loss_per_0p01_footprint_loss_le_0p001": 0.0014581830491134996,
  "event_mean_delta_top5_loss_le_0p001": 0.019510302067676483,
  "event_positive_delta_share_loss_le_0p001": 0.8333333333333334,
  "best_lambda_loss_le_0p0025": 0.2,
  "best_fraction_loss_le_0p0025": 0.964508752944443,
  "best_delta_fraction_loss_le_0p0025": -0.0023844742448677625,
  "best_top5_footprint_loss_le_0p0025": 0.06359739334532016,
  "best_delta_top5_footprint_loss_le_0p0025": 0.015599197960965573,
  "best_gain_loss_per_0p01_footprint_loss_le_0p0025": 0.0015285877202369745,
  "event_mean_delta_top5_loss_le_0p0025": 0.028527956265330282,
  "event_positive_delta_share_loss_le_0p0025": 0.8333333333333334,
  "best_lambda_loss_le_0p005": 0.25,
  "best_fraction_loss_le_0p005": 0.964245655578129,
  "best_delta_fraction_loss_le_0p005": -0.002647571611181787,
  "best_top5_footprint_loss_le_0p005": 0.07649097469350678,
  "best_delta_top5_footprint_loss_le_0p005": 0.028492779309152193,
  "best_gain_loss_per_0p01_footprint_loss_le_0p005": 0.0009292079170147357,
  "event_mean_delta_top5_loss_le_0p005": 0.028976667503830603,
  "event_positive_delta_share_loss_le_0p005": 0.8333333333333334,
  "best_lambda_loss_le_0p01": 0.35,
  "best_fraction_loss_le_0p01": 0.9618723330972562,
  "best_delta_fraction_loss_le_0p01": -0.00502089409205464,
  "best_top5_footprint_loss_le_0p01": 0.08144990413040663,
  "best_delta_top5_footprint_loss_le_0p01": 0.03345170874605204,
  "best_gain_loss_per_0p01_footprint_loss_le_0p01": 0.0015009380029494617,
  "event_mean_delta_top5_loss_le_0p01": 0.035290538336472096,
  "event_positive_delta_share_loss_le_0p01": 1.0,
  "best_lambda_loss_le_0p02": 0.5,
  "best_fraction_loss_le_0p02": 0.9568110799276938,
  "best_delta_fraction_loss_le_0p02": -0.010082147261617047,
  "best_top5_footprint_loss_le_0p02": 0.08305471360844441,
  "best_delta_top5_footprint_loss_le_0p02": 0.03505651822408982,
  "best_gain_loss_per_0p01_footprint_loss_le_0p02": 0.0028759693695675943,
  "event_mean_delta_top5_loss_le_0p02": 0.03807968723498551,
  "event_positive_delta_share_loss_le_0p02": 1.0,
  "best_lambda_loss_le_0p05": 2.0,
  "best_fraction_loss_le_0p05": 0.9237296110211793,
  "best_delta_fraction_loss_le_0p05": -0.04316361616813147,
  "best_top5_footprint_loss_le_0p05": 0.09637824672675271,
  "best_delta_top5_footprint_loss_le_0p05": 0.048380051342398124,
  "best_gain_loss_per_0p01_footprint_loss_le_0p05": 0.00892177973575336,
  "event_mean_delta_top5_loss_le_0p05": 0.048906716296644524,
  "event_positive_delta_share_loss_le_0p05": 1.0
}