{
  "n_parameter_scenarios": 11,
  "n_events_per_scenario": 105,
  "deficit_mean_false_positive_share": 0.3179284534226095,
  "deficit_min_false_positive_share": 0.19295876180654326,
  "deficit_max_false_positive_share": 0.5369818933927579,
  "deficit_mean_top5_relative_to_oracle": 0.7747284332441413,
  "deficit_min_top5_relative_to_oracle": 0.5012414884142644,
  "deficit_base_false_positive_share": 0.24285284440840327,
  "deficit_base_top5_relative_to_oracle": 0.8510381694383663,
  "exposure_mean_false_positive_share": 0.24976785693665907,
  "exposure_min_false_positive_share": 0.14394715054191934,
  "exposure_max_false_positive_share": 0.5555657765803423,
  "exposure_mean_top5_relative_to_oracle": 0.7983079624954876,
  "exposure_min_top5_relative_to_oracle": 0.5453078734496979,
  "exposure_base_false_positive_share": 0.14589439392961767,
  "exposure_base_top5_relative_to_oracle": 0.8695215915977993,
  "structure_mean_false_positive_share": 0.8098489676405891,
  "structure_min_false_positive_share": 0.6930733186329309,
  "structure_max_false_positive_share": 0.9140932980061004,
  "structure_mean_top5_relative_to_oracle": 0.4541550202019579,
  "structure_min_top5_relative_to_oracle": 0.2771031401176164,
  "structure_base_false_positive_share": 0.8168044522132288,
  "structure_base_top5_relative_to_oracle": 0.5039437287733347,
  "activated_law_mean_top5_relative_to_oracle": 1.0,
  "activated_law_min_top5_relative_to_oracle": 1.0,
  "hidden_from_simple_top5_mean_share": 0.39921828405895887,
  "hidden_from_simple_top5_min_share": 0.3423149015932521,
  "hidden_from_simple_top5_max_share": 0.5596298031865042,
  "target_top5_low_structure_top20_mean_share": 0.8487582005623243,
  "target_top5_low_structure_top20_min_share": 0.8280224929709465,
  "worst_deficit_false_positive_share_scenario": "slow_response_4h",
  "worst_deficit_false_positive_share_value": 0.5369818933927579,
  "worst_exposure_false_positive_share_scenario": "C_favored",
  "worst_exposure_false_positive_share_value": 0.5555657765803423,
  "worst_structure_false_positive_share_scenario": "S_favored",
  "worst_structure_false_positive_share_value": 0.9140932980061004,
  "reason_delay_blocked_share_mean": 0.13767537155766743,
  "reason_below_median_future_horizon_share_mean": 0.40303503615185926,
  "reason_below_median_exposure_share_mean": 0.20694317501730228,
  "reason_below_median_efficiency_share_mean": 0.751644932601856,
  "reason_short_remaining_window_share_mean": 0.491681167920199
}