lambda_footprint,n_events,mean_fraction_of_reference_lp_gain,mean_delta_fraction_vs_lambda0,mean_recoverable_fraction,mean_top5_allocated_unit_footprint_mass,mean_delta_top5_allocated_mass_vs_lambda0,mean_selected_unit_footprint_mass,mean_cost_weighted_footprint_mass,mean_cost_weighted_footprint_reward_score,mean_footprint_reward_budget_share,mean_runtime_seconds,n_optimal,n_time_limit
0.0,6,0.9999999999999939,0.0,0.12745919728069127,0.048191763561984007,0.0,0.14703446740385473,0.0027016272845911335,0.0484905125792405,0.04849051257924048,38.0164999961853,6,0
0.005,6,0.9999469783907887,-5.302160920533927e-05,0.12745226406847554,0.048191763561984007,0.0,0.1533706720590795,0.0028665363126417175,0.051153025614313785,0.051153025614313764,30.9878333012263,6,0
0.02,6,0.9995815789745454,-0.0004184210254485528,0.1274024113061308,0.07342463877706977,0.02523287521508577,0.1608690148094126,0.0031071599569312334,0.05503314325951366,0.05503314325951362,21.99083336194356,6,0
0.05,6,0.9610708594652442,-0.03892914053474992,0.12426443380732287,0.12647551257231393,0.07828374901032993,0.25603375594215494,0.009039293374442134,0.12794170845239167,0.1279417084523917,20.779666622479755,6,0
0.1,6,0.8261888617858686,-0.1738111382141254,0.10968376776758489,0.21300976685076112,0.16481800328877713,0.31013661851110175,0.021298598850448335,0.31751588079605486,0.3175158807960548,21.187166690826416,6,0
0.2,6,0.41702194741014925,-0.5829780525898448,0.05609349647947475,0.2446326990108759,0.19644093544889193,0.2516467930098745,0.04283975989232433,0.6835521767175795,0.6835521767175795,18.698333303133648,6,0
0.5,6,0.21268682971568997,-0.787313170284304,0.026349938148496604,0.2025451112713804,0.15435334770939638,0.2025451112713804,0.04899566189949661,0.7954905845418861,0.795490584541886,17.714333295822144,6,0
