{
  "n_lambdas": 7,
  "n_events": 6,
  "pareto_frontier_points": 5,
  "lambda0_fraction": 0.9999999999999939,
  "lambda0_top5_footprint_mass": 0.048191763561984007,
  "lambda0_cost_weighted_footprint_mass": 0.0027016272845911335,
  "max_gain_lambda": 0.0,
  "max_gain_fraction": 0.9999999999999939,
  "max_gain_top5_footprint_mass": 0.048191763561984007,
  "max_footprint_lambda": 0.2,
  "max_footprint_fraction": 0.41702194741014925,
  "max_footprint_top5_mass": 0.2446326990108759,
  "best_lambda_loss_le_0p001": 0.02,
  "best_fraction_loss_le_0p001": 0.9995815789745454,
  "best_delta_fraction_loss_le_0p001": -0.0004184210254485343,
  "best_top5_footprint_loss_le_0p001": 0.07342463877706977,
  "best_delta_top5_footprint_loss_le_0p001": 0.025232875215085764,
  "event_mean_delta_top5_loss_le_0p001": 0.012893526971555236,
  "event_positive_delta_share_loss_le_0p001": 0.5,
  "best_lambda_loss_le_0p0025": 0.02,
  "best_fraction_loss_le_0p0025": 0.9995815789745454,
  "best_delta_fraction_loss_le_0p0025": -0.0004184210254485343,
  "best_top5_footprint_loss_le_0p0025": 0.07342463877706977,
  "best_delta_top5_footprint_loss_le_0p0025": 0.025232875215085764,
  "event_mean_delta_top5_loss_le_0p0025": 0.02523287521508577,
  "event_positive_delta_share_loss_le_0p0025": 0.6666666666666666,
  "best_lambda_loss_le_0p005": 0.02,
  "best_fraction_loss_le_0p005": 0.9995815789745454,
  "best_delta_fraction_loss_le_0p005": -0.0004184210254485343,
  "best_top5_footprint_loss_le_0p005": 0.07342463877706977,
  "best_delta_top5_footprint_loss_le_0p005": 0.025232875215085764,
  "event_mean_delta_top5_loss_le_0p005": 0.033980374566217116,
  "event_positive_delta_share_loss_le_0p005": 0.6666666666666666,
  "best_lambda_loss_le_0p01": 0.02,
  "best_fraction_loss_le_0p01": 0.9995815789745454,
  "best_delta_fraction_loss_le_0p01": -0.0004184210254485343,
  "best_top5_footprint_loss_le_0p01": 0.07342463877706977,
  "best_delta_top5_footprint_loss_le_0p01": 0.025232875215085764,
  "event_mean_delta_top5_loss_le_0p01": 0.033980374566217116,
  "event_positive_delta_share_loss_le_0p01": 0.6666666666666666,
  "best_lambda_loss_le_0p02": 0.02,
  "best_fraction_loss_le_0p02": 0.9995815789745454,
  "best_delta_fraction_loss_le_0p02": -0.0004184210254485343,
  "best_top5_footprint_loss_le_0p02": 0.07342463877706977,
  "best_delta_top5_footprint_loss_le_0p02": 0.025232875215085764,
  "event_mean_delta_top5_loss_le_0p02": 0.05800482072580022,
  "event_positive_delta_share_loss_le_0p02": 0.8333333333333334,
  "best_lambda_loss_le_0p05": 0.05,
  "best_fraction_loss_le_0p05": 0.9610708594652442,
  "best_delta_fraction_loss_le_0p05": -0.03892914053474972,
  "best_top5_footprint_loss_le_0p05": 0.12647551257231393,
  "best_delta_top5_footprint_loss_le_0p05": 0.07828374901032992,
  "event_mean_delta_top5_loss_le_0p05": 0.05943559487228393,
  "event_positive_delta_share_loss_le_0p05": 0.8333333333333334
}