{
  "n_events": 6,
  "n_policies": 27,
  "small_signal_fraction_of_hybrid_lp_gain": 0.7694220816180608,
  "small_signal_top5_footprint_mass": 0.04020240882263464,
  "small_signal_cost_weighted_footprint": 0.0022501891641999246,
  "finite_x_small_fraction_of_hybrid_lp_gain": 0.6791437964065827,
  "finite_x_small_top5_footprint_mass": 0.21242088184308971,
  "finite_x_small_delta_fraction": -0.09027828521147807,
  "finite_x_small_delta_top5_footprint": 0.17221847302045507,
  "activation_plus_0p5_footprint_fraction": 0.7686538276384319,
  "activation_plus_0p5_footprint_top5_mass": 0.05933093688762159,
  "activation_plus_0p5_footprint_delta_fraction": -0.0007682539796288745,
  "activation_plus_0p5_footprint_delta_top5": 0.019128528064986945,
  "finite_value_fraction_of_hybrid_lp_gain": 0.6238216266466009,
  "finite_value_top5_footprint_mass": 0.2841655817014997,
  "footprint_only_fraction_of_hybrid_lp_gain": 0.19223491828052486,
  "footprint_only_top5_footprint_mass": 0.31607100984572245,
  "footprint_only_delta_fraction": -0.577187163337536,
  "best_near_no_loss_policy": "small_plus_1p0_footprint",
  "best_near_no_loss_fraction": 0.7570159980399952,
  "best_near_no_loss_top5_footprint_mass": 0.07534521676439974,
  "best_near_no_loss_delta_fraction": -0.012406083578065608,
  "best_near_no_loss_delta_top5_footprint": 0.0351428079417651,
  "best_nonnegative_gain_policy": "small_plus_0p25_footprint",
  "best_nonnegative_gain_fraction": 0.7731217113699143,
  "best_nonnegative_gain_top5_footprint_mass": 0.05737255661688918,
  "best_nonnegative_gain_delta_fraction": 0.0036996297518534504,
  "best_nonnegative_gain_delta_top5_footprint": 0.017170147794254534,
  "best_gain_policy": "activation_plus_0p1_footprint",
  "best_gain_fraction": 0.775730686706542
}