{
  "deficit_only_mean_top5_relative_to_oracle": 0.8520465635104694,
  "deficit_only_mean_false_positive_share": 0.24348578609161053,
  "deficit_only_mean_zero_value_share": 0.00403176542924742,
  "deficit_only_mean_target_top5_missed_by_top20_share": 0.15897918955256002,
  "exposure_only_mean_top5_relative_to_oracle": 0.870615368221003,
  "exposure_only_mean_false_positive_share": 0.1459705139298566,
  "exposure_only_mean_zero_value_share": 0.004048782857631542,
  "exposure_only_mean_target_top5_missed_by_top20_share": 0.02909090909090909,
  "structure_only_mean_top5_relative_to_oracle": 0.5039437287669747,
  "structure_only_mean_false_positive_share": 0.8168044522132288,
  "structure_only_mean_zero_value_share": 0.01959772769785989,
  "structure_only_mean_target_top5_missed_by_top20_share": 0.832636860054804,
  "activated_law_mean_top5_relative_to_oracle": 1.0,
  "activated_law_mean_false_positive_share": 0.0,
  "activated_law_mean_zero_value_share": 0.0,
  "activated_law_mean_target_top5_missed_by_top20_share": 0.0,
  "hidden_from_all_simple_top5_share": 0.3423149015932521,
  "hidden_from_all_simple_top20_share": 0.009606373008434864,
  "target_top5_low_deficit_top20_share": 0.13929240862230552,
  "target_top5_low_exposure_top20_share": 0.021790065604498594,
  "target_top5_low_structure_top20_share": 0.8391518275538894,
  "deficit_only_failure_delay_blocked_share": 0.015120967741935484,
  "deficit_only_failure_low_horizon_share": 0.46118951612903225,
  "deficit_only_failure_low_exposure_share": 0.19556451612903225,
  "exposure_only_failure_delay_blocked_share": 0.025919732441471572,
  "exposure_only_failure_low_horizon_share": 0.4423076923076923,
  "exposure_only_failure_low_exposure_share": 0.0,
  "structure_only_failure_delay_blocked_share": 0.021170075811757973,
  "structure_only_failure_low_horizon_share": 0.30911171506222285,
  "structure_only_failure_low_exposure_share": 0.45601487626948933,
  "peak_disturbance_top5_relative_to_oracle": 0.8385744679583862,
  "remaining_local_area_top5_relative_to_oracle": 0.7253697311819466,
  "active_horizon_top5_relative_to_oracle": 0.3640189860112734
}