{
  "n_events": 6,
  "n_policies": 12,
  "residual_fraction_of_hybrid_lp_gain": 0.9668932271893108,
  "residual_top5_footprint_mass": 0.04799819538435459,
  "residual_cost_weighted_footprint": 0.00273255684911659,
  "weak_footprint_policy": "residual_plus_0p25_footprint",
  "weak_footprint_fraction": 0.964245655578129,
  "weak_footprint_top5_mass": 0.0764909746935068,
  "weak_footprint_delta_fraction": -0.002647571611181787,
  "weak_footprint_delta_top5": 0.028492779309152207,
  "strong_footprint_policy": "residual_plus_1p0_footprint",
  "strong_footprint_fraction": 0.9396432585053868,
  "strong_footprint_top5_mass": 0.09181992053043499,
  "strong_footprint_delta_fraction": -0.027249968683924042,
  "strong_footprint_delta_top5": 0.0438217251460804,
  "gated_footprint_policy": "residual_x_footprint_rank",
  "gated_footprint_fraction": 0.8848516366498765,
  "gated_footprint_top5_mass": 0.128404736267192,
  "gated_footprint_delta_fraction": -0.08204159053943427,
  "gated_footprint_delta_top5": 0.08040654088283741,
  "finite_policy": "residual_plus_0p5_finite",
  "finite_fraction": 0.9661573628531145,
  "finite_top5_mass": 0.05156228316589165,
  "finite_delta_fraction": -0.0007358643361963235,
  "finite_delta_top5": 0.003564087781537058,
  "best_nonnegative_policy": "",
  "best_nonnegative_fraction": NaN,
  "best_nonnegative_top5_mass": NaN,
  "best_nonnegative_delta_fraction": NaN,
  "best_nonnegative_delta_top5": NaN,
  "best_near_no_loss_policy": "residual_x_finite_rank",
  "best_near_no_loss_fraction": 0.9601172385589528,
  "best_near_no_loss_top5_mass": 0.0860258910171584,
  "best_near_no_loss_delta_fraction": -0.006775988630357999,
  "best_near_no_loss_delta_top5": 0.03802769563280382,
  "best_gain_policy": "residual_plus_0p1_footprint",
  "best_gain_fraction": 0.9663664114463563
}