policy_scenario,budget_scale,delay_add_hours,policy,n_event_scenarios,mean_fraction_of_scenario_lp_gain,median_fraction_of_scenario_lp_gain,mean_gap_to_scenario_lp_gain,median_gap_to_scenario_lp_gain,mean_recoverable_fraction,mean_allocated_cost,mean_selected_action_count
delay_4h,1,4,residual_finite_greedy,7,0.9155528018,0.9737136429,0.08444719823,0.02628635714,0.1042074628,3.2093993,694.1428571
delay_4h,1,4,static_small_signal_greedy,7,0.7488577725,0.7989364531,0.2511422275,0.2010635469,0.08141144359,3.2093993,552.4285714
high_budget,2,0,residual_finite_greedy,4,0.9548611872,0.9814825927,0.04513881281,0.01851740729,0.2067451912,6.06233625,519.25
high_budget,2,0,static_small_signal_greedy,4,0.7352873421,0.814428091,0.2647126579,0.185571909,0.1523324582,6.06233625,399.75
low_budget,0.5,0,residual_finite_greedy,6,0.9601635931,0.9845495983,0.03983640688,0.01545040164,0.07709392006,1.154652603,130.3333333
low_budget,0.5,0,static_small_signal_greedy,6,0.6948433681,0.7393270189,0.3051566318,0.2606729811,0.05213965812,1.154652603,102.6666667
scarce_and_late,0.5,2,residual_finite_greedy,6,0.9427100472,0.9755960524,0.05728995276,0.02440394758,0.07064882295,1.745427163,303.1666667
scarce_and_late,0.5,2,static_small_signal_greedy,6,0.7122224538,0.7868182518,0.2877775463,0.2131817482,0.05006127604,1.745427163,213.6666667
