policy_scenario,budget_scale,delay_add_hours,policy,n_event_scenarios,mean_fraction_of_scenario_lp_gain,median_fraction_of_scenario_lp_gain,mean_gap_to_scenario_lp_gain,median_gap_to_scenario_lp_gain,mean_recoverable_fraction,mean_allocated_cost,mean_selected_action_count
delay_4h,1,4,residual_finite_greedy,7,0.9155528018,0.9737136429,0.08444719823,0.02628635714,0.1042074628,3.2093993,694.1428571
delay_4h,1,4,static_small_signal_greedy,7,0.7488577725,0.7989364531,0.2511422275,0.2010635469,0.08141144359,3.2093993,552.4285714
high_budget,2,0,residual_finite_greedy,6,0.9414320393,0.9682361333,0.05856796068,0.0317638667,0.2197788237,4.618610415,679.1666667
high_budget,2,0,static_small_signal_greedy,6,0.6636713891,0.7121457511,0.3363286109,0.2878542489,0.1458225895,4.618610415,441.5
low_budget,0.5,0,residual_finite_greedy,6,0.9601635931,0.9845495983,0.03983640688,0.01545040164,0.07709392006,1.154652603,130.3333333
low_budget,0.5,0,static_small_signal_greedy,6,0.6948433681,0.7393270189,0.3051566318,0.2606729811,0.05213965812,1.154652603,102.6666667
scarce_and_late,0.5,2,residual_finite_greedy,7,0.9478824327,0.9768904604,0.05211756734,0.02310953959,0.07062066523,1.60469965,309.2857143
scarce_and_late,0.5,2,static_small_signal_greedy,7,0.7181574341,0.7537673161,0.2818425659,0.2462326839,0.05065936889,1.60469965,216.2857143
