{
  "m1_deficit_only_top5_capture": 0.729697022836932,
  "m1_deficit_only_top5_ndcg": 0.7111299634157296,
  "m1_deficit_only_top5_precision": 0.3160227835856021,
  "m1_deficit_only_event_spearman": 0.6815912032516082,
  "m2_deficit_plus_exposure_top5_capture": 0.8349786033211193,
  "m2_deficit_plus_exposure_top5_ndcg": 0.8141257228330921,
  "m2_deficit_plus_exposure_top5_precision": 0.48465158694677235,
  "m2_deficit_plus_exposure_event_spearman": 0.8143858399827395,
  "m3_add_structure_top5_capture": 0.8328665035720052,
  "m3_add_structure_top5_ndcg": 0.8098523353356893,
  "m3_add_structure_top5_precision": 0.4774826195598998,
  "m3_add_structure_event_spearman": 0.8084592075475593,
  "m4_add_substitution_top5_capture": 0.8268235943120359,
  "m4_add_substitution_top5_ndcg": 0.8040759299403246,
  "m4_add_substitution_top5_precision": 0.462476487212962,
  "m4_add_substitution_event_spearman": 0.8076748763370561,
  "m5_full_additive_top5_capture": 0.9624269435834123,
  "m5_full_additive_top5_ndcg": 0.9515042798705461,
  "m5_full_additive_top5_precision": 0.787428763378121,
  "m5_full_additive_event_spearman": 0.9392296729555145,
  "m6_full_interaction_top5_capture": 0.9510849329096491,
  "m6_full_interaction_top5_ndcg": 0.9472421459785154,
  "m6_full_interaction_top5_precision": 0.751585713154243,
  "m6_full_interaction_event_spearman": 0.9288455217811901,
  "m7_factorized_low_dim_top5_capture": 0.9374546558174094,
  "m7_factorized_low_dim_top5_ndcg": 0.9371917168160858,
  "m7_factorized_low_dim_top5_precision": 0.6976363220181532,
  "m7_factorized_low_dim_event_spearman": 0.8832193923450703,
  "m8_factorized_interaction_top5_capture": 0.9426195718896989,
  "m8_factorized_interaction_top5_ndcg": 0.9360580865354481,
  "m8_factorized_interaction_top5_precision": 0.7250003241469242,
  "m8_factorized_interaction_event_spearman": 0.8613135298506769,
  "add_od_exposure_delta_top5_capture": 0.10528158048418723,
  "add_od_exposure_delta_event_spearman": 0.13279463673113134,
  "add_structure_delta_top5_capture": -0.0021120997491140825,
  "add_structure_delta_event_spearman": -0.005926632435180212,
  "add_substitution_delta_top5_capture": -0.006042909259969309,
  "add_substitution_delta_event_spearman": -0.0007843312105031419,
  "add_time_feasibility_delta_top5_capture": 0.1356033492713764,
  "add_time_feasibility_delta_event_spearman": 0.13155479661845837,
  "add_explicit_interactions_delta_top5_capture": -0.01134201067376317,
  "add_explicit_interactions_delta_event_spearman": -0.010384151174324452,
  "factorized_add_interactions_delta_top5_capture": 0.005164916072289527,
  "factorized_add_interactions_delta_event_spearman": -0.021905862494393413,
  "full_interaction_vs_deficit_delta_top5_capture": 0.22138791007271708,
  "full_interaction_vs_deficit_delta_event_spearman": 0.2472543185295819,
  "factorized_interaction_vs_full_additive_delta_top5_capture": -0.019807371693713383,
  "factorized_interaction_vs_full_additive_delta_event_spearman": -0.07791614310483763
}