lambda_footprint,n_events,mean_fraction_of_reference_lp_gain,mean_delta_fraction_vs_lambda0,mean_recoverable_fraction,mean_top5_allocated_unit_footprint_mass,mean_delta_top5_allocated_mass_vs_lambda0,mean_selected_unit_footprint_mass,mean_cost_weighted_footprint_mass,mean_cost_weighted_footprint_reward_score,mean_footprint_reward_budget_share,mean_runtime_seconds,n_optimal,n_time_limit
0.0,12,1.0,0.0,0.12562955143625748,0.05827467523865521,0.0,0.18778162477022473,0.0029388854927818084,0.058444489695271794,0.058444489695271766,19.23075000445048,12,0
0.02,12,0.9991521624335272,-0.0008478375664727292,0.1255180196083356,0.07535654431947986,0.01708186908082466,0.2257302244423474,0.0034195722012732663,0.06823484363903404,0.068234843639034,19.068333288033802,12,0
0.05,12,0.9886693280744235,-0.01133067192557638,0.12421418749317457,0.10853591332685747,0.050261238088202244,0.2794964282556408,0.005185285163708367,0.10281204133963397,0.10281204133963394,16.958583374818165,12,0
