{
  "n_lambdas": 3,
  "n_events": 12,
  "pareto_frontier_points": 3,
  "lambda0_fraction": 1.0,
  "lambda0_top5_footprint_mass": 0.05827467523865521,
  "lambda0_cost_weighted_footprint_mass": 0.0029388854927818084,
  "max_gain_lambda": 0.0,
  "max_gain_fraction": 1.0,
  "max_gain_top5_footprint_mass": 0.05827467523865521,
  "max_footprint_lambda": 0.05,
  "max_footprint_fraction": 0.9886693280744235,
  "max_footprint_top5_mass": 0.10853591332685747,
  "best_lambda_loss_le_0p001": 0.02,
  "best_fraction_loss_le_0p001": 0.9991521624335272,
  "best_delta_fraction_loss_le_0p001": -0.0008478375664727755,
  "best_top5_footprint_loss_le_0p001": 0.07535654431947986,
  "best_delta_top5_footprint_loss_le_0p001": 0.017081869080824645,
  "event_mean_delta_top5_loss_le_0p001": 0.0033036583862113343,
  "event_positive_delta_share_loss_le_0p001": 0.08333333333333333,
  "best_lambda_loss_le_0p0025": 0.02,
  "best_fraction_loss_le_0p0025": 0.9991521624335272,
  "best_delta_fraction_loss_le_0p0025": -0.0008478375664727755,
  "best_top5_footprint_loss_le_0p0025": 0.07535654431947986,
  "best_delta_top5_footprint_loss_le_0p0025": 0.017081869080824645,
  "event_mean_delta_top5_loss_le_0p0025": 0.020574711282518393,
  "event_positive_delta_share_loss_le_0p0025": 0.5833333333333334,
  "best_lambda_loss_le_0p005": 0.02,
  "best_fraction_loss_le_0p005": 0.9991521624335272,
  "best_delta_fraction_loss_le_0p005": -0.0008478375664727755,
  "best_top5_footprint_loss_le_0p005": 0.07535654431947986,
  "best_delta_top5_footprint_loss_le_0p005": 0.017081869080824645,
  "event_mean_delta_top5_loss_le_0p005": 0.020574711282518393,
  "event_positive_delta_share_loss_le_0p005": 0.5833333333333334,
  "best_lambda_loss_le_0p01": 0.02,
  "best_fraction_loss_le_0p01": 0.9991521624335272,
  "best_delta_fraction_loss_le_0p01": -0.0008478375664727755,
  "best_top5_footprint_loss_le_0p01": 0.07535654431947986,
  "best_delta_top5_footprint_loss_le_0p01": 0.017081869080824645,
  "event_mean_delta_top5_loss_le_0p01": 0.029591929913808757,
  "event_positive_delta_share_loss_le_0p01": 0.75,
  "best_lambda_loss_le_0p02": 0.05,
  "best_fraction_loss_le_0p02": 0.9886693280744235,
  "best_delta_fraction_loss_le_0p02": -0.011330671925576463,
  "best_top5_footprint_loss_le_0p02": 0.10853591332685747,
  "best_delta_top5_footprint_loss_le_0p02": 0.05026123808820226,
  "event_mean_delta_top5_loss_le_0p02": 0.045199247999839536,
  "event_positive_delta_share_loss_le_0p02": 0.8333333333333334,
  "best_lambda_loss_le_0p05": 0.05,
  "best_fraction_loss_le_0p05": 0.9886693280744235,
  "best_delta_fraction_loss_le_0p05": -0.011330671925576463,
  "best_top5_footprint_loss_le_0p05": 0.10853591332685747,
  "best_delta_top5_footprint_loss_le_0p05": 0.05026123808820226,
  "event_mean_delta_top5_loss_le_0p05": 0.050261238088202244,
  "event_positive_delta_share_loss_le_0p05": 0.8333333333333334,
  "n_selected_events": 12,
  "n_excluded_v41_events": 6,
  "excluded_cities": "New York"
}