split,heldout,n_tokens,n_events,pearson,spearman,mae,top_1pct_value_capture,top_5pct_value_capture,top_10pct_value_capture
leave_city_out,Austin,19758,15,0.8707372307,0.9278022493,0.0005427904677,0.8894859978,0.9170551164,0.930876786
leave_city_out,Chicago,27896,13,0.7937055583,0.824162873,0.0001507930701,0.9310757503,0.9219357671,0.9203343529
leave_city_out,Dallas,12825,10,0.7506021311,0.7479821859,0.0003549818163,0.5121620768,0.5990651735,0.6688610461
leave_city_out,Houston,5158,4,0.7244436251,0.797679517,0.0003783789776,0.5902545368,0.6685306211,0.76227971
leave_city_out,New York,53346,24,0.734358774,0.8452660608,0.0002046395496,0.6382439875,0.8410799469,0.8627889029
leave_city_out,Philadelphia,37656,20,0.8390355734,0.8960865124,0.000255426061,0.9612534797,0.9359283325,0.933643094
leave_city_out,San Antonio,29897,19,0.8558363598,0.9014934749,0.0003221313888,0.947043756,0.9484077945,0.9437523286
