split,heldout,n_tokens,n_events,pearson,spearman,mae,top_1pct_value_capture,top_5pct_value_capture,top_10pct_value_capture
leave_regime_out,low,83698,46,0.7604880416,0.665345955,0.0003230149072,0.8855103733,0.8972199694,0.9074812976
leave_regime_out,medium,65929,37,0.9105566901,0.9318501318,0.0002040980423,0.8961576523,0.9137772944,0.9247279563
leave_regime_out,high,36909,22,0.7024075926,0.8161346185,0.0003547969669,0.5802739337,0.681322969,0.7258584388
