split,heldout,n_tokens,n_events,pearson,spearman,mae,top_1pct_value_capture,top_5pct_value_capture,top_10pct_value_capture
leave_city_out,Austin,18007,15,0.8477138387,0.8978406583,0.0414673702,0.9442831815,0.808344522,0.8432341733
leave_city_out,Chicago,26081,13,0.7769511071,0.8832517088,0.01995754534,0.6656752998,0.7224299092,0.8156625303
leave_city_out,Dallas,12000,10,0.9054643094,0.8683208788,0.004370870931,0.8950583087,0.8644307052,0.8565217744
leave_city_out,Houston,4800,4,0.8458268698,0.9153495566,0.007517649382,0.3985393797,0.661541947,0.7677696495
leave_city_out,New York,50454,24,0.2293246789,0.9022571301,0.0188944194,0.5124097071,0.7512294863,0.8263253005
leave_city_out,Philadelphia,33719,20,0.6563716127,0.8519213325,0.05914668975,0.5166497471,0.7500988409,0.8592530911
leave_city_out,San Antonio,25076,19,0.6593038004,0.8870134802,0.04754893853,0.5378263395,0.7899367647,0.8503373056
