split,heldout,n_tokens,n_events,pearson,spearman,mae,top_1pct_value_capture,top_5pct_value_capture,top_10pct_value_capture
leave_regime_out,low,74669,46,0.4421857898,0.6847862775,0.06752651542,0.5745027405,0.7324325357,0.8186196487
leave_regime_out,medium,60242,37,0.7661363438,0.8866224618,0.01179846481,0.6883270737,0.7901009252,0.8493078672
leave_regime_out,high,35226,22,0.8697047964,0.787626776,0.005042853414,0.6903071624,0.8231310941,0.8593237156
