policy_score,n_tokens,top_1pct_value_capture,top_5pct_value_capture,top_10pct_value_capture,mean_spearman_by_event
activated_bottleneck_law,186536,0.960588296,0.9635505269,0.9634242239,0.9642765316
exposure_only,186536,0.5449393149,0.6810822432,0.7303543658,0.6263767193
deficit_only,186536,0.5507546524,0.6763906353,0.7133166812,0.4637812469
optimizer_selected,186536,0.3548144737,0.4595827269,0.5283272788,0.4335984766
structure_only,186536,0.2894536519,0.3783986783,0.4282069154,-0.05894949475
