policy_score,n_tokens,top_1pct_value_capture,top_5pct_value_capture,top_10pct_value_capture,mean_spearman_by_event
activated_bottleneck_law,170137,1,1,1,1
exposure_only,170137,0.7708457455,0.8671035897,0.9118734493,0.8920368242
deficit_only,170137,0.7618639067,0.8452056575,0.8822127329,0.6901286304
optimizer_selected,170137,0.5393773646,0.6497040997,0.7264553403,0.7376405093
structure_only,170137,0.4414357179,0.5032388367,0.5407315386,-0.1438052771
