city,n_units,horizon,mean_b0,weighted_b0,max_b0,mean_a_retention,total_disturbance,total_budget,mean_period_budget,delay_R,delay_C,delay_S,q_row_sum_min,q_row_sum_max,pwl_enabled
Chicago,35,12,0.3382666174515509,0.3408760438661845,0.39024479369244625,0.9207544239949614,0.8565163727974355,2.663849612430963,0.7458778914806697,2,0,1,0.9999999999999999,1.0000000000000002,True
New York,35,12,0.1651098388326784,0.1625164107325184,0.1880917742146668,0.9099921798282027,0.3326151671774802,1.3002399808073424,0.3640671946260559,2,0,1,0.9999999999999997,1.0000000000000002,True
Houston,35,12,0.0922266762425893,0.09261884158709238,0.11047751533997215,0.8793135077048005,0.1805028512969487,0.7262850754103907,0.20335982111490938,2,0,1,0.9999999999999998,1.0000000000000002,True
Austin,35,12,0.10141369189603357,0.1004544868496215,0.1289405415843332,0.906916814977416,0.17137117971940502,0.7986328236812643,0.22361719063075394,2,0,1,0.9999999999999998,1.0000000000000002,True
San Antonio,35,12,0.09356166895673441,0.0936665653316798,0.11246330079250992,0.9085531756322985,0.17523660930215113,0.7367981430342834,0.20630348004959934,2,0,1,0.9999999999999999,1.0000000000000002,True
