city,n_units,horizon,mean_b0,weighted_b0,max_b0,mean_a_retention,total_disturbance,total_budget,mean_period_budget,delay_R,delay_C,delay_S,q_row_sum_min,q_row_sum_max
Chicago,35,12,0.3382666174515509,0.3408760438661845,0.39024479369244625,0.9207544239949614,0.8565163727974355,2.663849612430963,0.7458778914806697,2,0,1,0.9999999999999999,1.0000000000000002
