{
  "n_events": 6,
  "n_cities": 6,
  "mean_v34_delta_finite_top5pct_units_footprint_mass": 0.2931097998556636,
  "mean_v35_delta_selected_unit_footprint_mass": 0.006809242572599718,
  "mean_first_order_to_lp_transfer_ratio": 0.02655052218221472,
  "median_first_order_to_lp_transfer_ratio": 0.015947542343252376,
  "mean_selected_unit_jaccard": 0.9371356104908738,
  "mean_selected_action_jaccard": 0.9227749975663854,
  "mean_hybrid_total_budget_usage": 0.999999999999973,
  "mean_hybrid_max_period_budget_usage": 0.7701090331042587,
  "mean_hybrid_binding_period_share_95pct": 0.05555555555555555,
  "mean_hybrid_binding_period_share_99pct": 0.041666666666666664,
  "mean_hybrid_cost_weighted_selected_u_cap_ratio": 0.3685272089933808,
  "mean_hybrid_selected_cost_share_cap_saturated_95pct": 0.0,
  "mean_hybrid_selected_cost_share_beyond_first_segment": 0.06750942005765694,
  "mean_hybrid_selected_cost_share_beyond_second_segment": 5.919790797511757e-17,
  "mean_hybrid_early_t0_t1_cost_share": 0.16860972889106554,
  "mean_footprint_top5pct_selected_unit_share": 0.12375509480772638,
  "mean_footprint_top5pct_finite_unit_share": 0.5189836966152755,
  "mean_finite_top5pct_selected_unit_share": 0.5610845295055821,
  "mean_small_top5pct_selected_unit_share": 1.0,
  "mean_hybrid_only_minus_base_only_footprint_mass": 0.006809242572599741,
  "mean_hybrid_only_footprint_mass": 0.006926538847634695,
  "mean_base_only_footprint_mass": 0.00011729627503495456,
  "hybrid_channel_cost_share_R": 0.28308413111193415,
  "hybrid_channel_cost_share_C": 0.550789640303121,
  "hybrid_channel_cost_share_S": 0.16612622858494472,
  "base_channel_cost_share_R": 0.2875976269658276,
  "base_channel_cost_share_C": 0.5663978341108175,
  "base_channel_cost_share_S": 0.14600453892335494,
  "footprint_top5_not_selected_mean_destination_rank": 0.42982181679985626,
  "footprint_top5_not_selected_mean_small_signal_rank": 0.4425559970432525,
  "footprint_top5_not_selected_mean_finite_rank": 0.8619574993469894,
  "footprint_top5_mean_destination_rank": 0.4692153786944253,
  "footprint_top5_mean_small_signal_rank": 0.49242464241748013,
  "footprint_top5_mean_finite_rank": 0.877627837504169,
  "hybrid_selected_mean_destination_rank": 0.8830056283018504,
  "hybrid_selected_mean_small_signal_rank": 0.9205878679609073,
  "hybrid_selected_mean_finite_rank": 0.885135182527669
}